1;1;磯部　俊晴;3;3;1;0;0;0;0;0;0;0;0;1;0;0;0;0;0;0;0;0;3;False
1;2;南幅　啓史;3;2;0;0;0;0;1;0;0;0;0;0;0;0;1;0;0;0;0;0;0;False
1;3;尾城直晃;3;3;2;0;0;0;0;0;0;0;0;0;0;0;1;0;0;0;0;0;3;False
1;5;中橋　創太;3;3;2;0;0;0;0;0;0;0;0;1;0;0;0;0;0;0;0;0;3;False
1;7;伊央里ア・シュヘンベルグ;2;2;1;0;0;0;0;0;0;0;0;1;0;0;0;0;0;0;1;1;1;False
1;8;羽生当宏;3;3;2;0;0;0;0;0;0;0;0;0;0;0;0;0;0;0;0;0;2;False
1;9;澤田　優樹;2;2;0;0;0;0;0;0;0;0;0;0;0;1;0;0;0;1;0;0;0;False
1;10;小宮山　大樹;2;2;2;0;0;0;0;0;0;0;0;1;0;0;0;0;0;0;0;0;2;False
1;11;丸　隆宏;2;2;1;0;0;0;0;0;0;0;0;0;0;0;0;0;0;0;0;0;2;False
2;0;増田　真人;2;2;1;0;0;0;0;0;0;0;0;0;0;0;0;0;0;1;1;0;0;False
2;1;磯部　俊晴;2;2;2;0;0;0;0;0;0;0;0;0;0;0;0;0;0;0;0;1;0;False
2;2;南幅　啓史;2;1;1;0;0;0;1;0;0;0;0;0;0;0;0;0;0;0;0;1;0;False
2;5;中橋　創太;2;2;0;0;0;0;0;0;0;0;0;1;0;0;0;0;0;1;0;0;0;False
2;6;球児;2;2;1;0;0;0;0;0;0;0;0;1;0;0;0;0;0;0;0;0;0;False
2;7;伊央里ア・シュヘンベルグ;2;2;1;0;0;0;0;0;0;0;0;0;0;0;0;0;0;1;0;1;1;False
2;9;澤田　優樹;2;1;0;0;0;0;1;0;0;0;0;1;0;0;0;0;0;0;0;2;2;False
3;1;磯部　俊晴;3;3;1;0;0;0;0;0;0;0;0;0;0;0;0;0;0;0;0;0;0;False
3;2;南幅　啓史;3;3;1;0;0;0;0;0;0;0;1;1;0;0;0;0;0;0;0;0;0;False
3;3;尾城直晃;3;2;1;0;0;0;1;0;0;0;0;0;0;0;0;0;0;1;0;0;3;False
3;5;中橋　創太;3;3;1;0;0;0;0;0;0;0;0;0;0;0;0;0;0;0;0;0;1;False
3;7;伊央里ア・シュヘンベルグ;2;2;0;1;0;0;0;0;0;0;0;1;0;0;0;0;0;0;0;1;0;False
3;8;羽生当宏;3;2;0;1;0;0;1;0;0;0;0;0;0;0;0;0;0;1;0;0;2;False
3;9;澤田　優樹;3;3;2;0;0;0;0;0;0;0;0;0;0;0;0;0;0;0;0;0;0;False
3;10;小宮山　大樹;3;3;1;0;0;0;0;0;0;0;0;0;0;0;0;0;0;0;0;0;0;False
3;11;丸　隆宏;3;2;1;0;0;0;1;0;0;0;0;1;0;0;0;0;0;0;0;0;0;False
4;1;磯部　俊晴;2;2;0;0;0;0;0;0;0;0;0;1;0;0;1;0;0;0;0;0;0;False
4;2;南幅　啓史;2;1;0;0;0;0;1;0;0;0;0;1;0;0;0;0;0;0;0;0;0;False
4;3;尾城直晃;3;2;0;0;0;0;0;1;0;0;0;1;0;0;1;0;0;0;0;0;0;False
4;5;中橋　創太;3;3;1;0;0;0;0;0;0;0;0;1;0;0;0;0;0;1;0;0;0;False
4;6;球児;2;2;0;0;0;0;0;0;0;0;0;1;0;0;1;0;0;0;0;0;0;False
4;8;羽生当宏;3;3;0;0;0;0;0;0;0;0;0;2;0;0;0;0;0;1;0;0;0;False
4;9;澤田　優樹;2;2;0;0;0;0;0;0;0;0;0;1;0;1;0;0;0;0;0;0;0;False
4;10;小宮山　大樹;2;2;1;0;0;0;0;0;0;0;0;0;0;1;0;0;0;0;0;0;1;False
4;11;丸　隆宏;2;2;1;0;0;0;0;0;0;0;0;0;0;0;1;0;0;0;0;1;1;False
7;1;磯部　俊晴;1;1;0;0;0;0;0;0;0;0;0;0;0;0;1;0;0;0;0;0;0;False
7;2;南幅　啓史;1;1;0;0;0;0;0;0;0;0;0;0;0;0;0;0;0;1;0;0;0;False
7;3;尾城直晃;2;2;0;0;0;0;0;0;0;0;0;1;0;0;1;0;0;0;0;0;0;False
7;7;伊央里ア・シュヘンベルグ;1;1;0;0;0;0;0;0;0;0;0;1;0;0;0;0;0;0;0;0;0;False
7;8;羽生当宏;1;1;0;0;0;0;0;0;0;0;0;0;0;0;1;0;0;0;0;0;0;False
7;9;澤田　優樹;1;1;1;0;0;0;0;0;0;0;0;0;0;0;0;0;0;0;0;0;0;False
7;10;小宮山　大樹;1;1;0;0;0;0;0;0;0;0;0;1;0;0;0;0;0;0;0;0;0;False
7;11;丸　隆宏;1;1;0;0;0;0;0;0;0;0;0;1;0;0;0;0;0;0;0;0;0;False
7;12;森　岳彦;1;1;0;0;0;0;0;0;0;0;0;1;0;0;0;0;0;0;0;0;0;False
9;1;磯部　俊晴;2;1;1;0;0;0;1;0;0;0;0;0;0;0;0;0;0;0;1;1;1;False
9;2;南幅　啓史;2;2;0;0;0;0;0;0;0;0;0;1;0;0;0;0;0;1;0;0;0;False
9;3;尾城直晃;2;2;0;0;0;0;0;0;0;0;0;0;0;0;0;1;1;0;0;0;0;False
9;5;中橋　創太;2;2;1;0;0;0;0;0;0;0;0;0;0;1;0;0;0;0;0;1;0;False
9;7;伊央里ア・シュヘンベルグ;1;1;0;0;0;0;0;0;0;0;0;0;0;0;0;0;0;1;0;0;0;False
9;9;澤田　優樹;1;1;0;0;0;0;0;0;0;0;0;1;0;0;0;0;0;0;0;0;0;False
9;10;小宮山　大樹;2;2;1;0;0;0;0;0;0;0;0;1;0;0;0;0;0;0;1;0;0;False
9;13;佐藤;2;2;0;0;0;0;0;0;0;0;0;1;0;0;0;0;0;1;0;0;0;False
9;15;小宮山;1;1;0;0;0;0;0;0;0;0;0;1;0;0;0;0;0;0;0;0;0;False
11;1;磯部　俊晴;3;3;0;0;0;0;0;0;0;0;0;2;0;1;0;0;0;0;0;0;0;False
11;2;南幅　啓史;3;3;0;0;0;0;0;0;0;0;0;2;0;1;0;0;0;0;0;0;0;False
11;3;尾城直晃;2;1;1;0;0;0;1;0;0;0;0;0;0;0;0;0;0;0;1;2;2;False
11;5;中橋　創太;3;3;1;0;0;0;0;0;0;0;0;0;0;0;0;0;0;2;1;1;0;False
11;9;澤田　優樹;2;2;0;0;1;0;0;0;0;0;0;1;0;0;0;0;0;0;3;1;0;False
11;10;小宮山　大樹;3;2;0;1;0;0;0;1;0;0;0;0;0;1;0;0;0;0;0;2;0;False
11;11;丸　隆宏;2;1;0;0;0;0;1;0;0;0;0;1;0;0;0;0;0;1;1;1;0;False
11;12;森　岳彦;3;3;0;1;0;0;0;0;0;0;0;1;0;1;0;0;0;0;1;0;0;False
11;13;佐藤;3;3;1;0;0;0;0;0;0;0;0;1;0;1;0;0;0;0;1;1;0;False
11;15;小宮山;0;0;0;0;0;0;0;0;0;0;0;0;0;0;0;0;0;0;0;0;0;False
12;1;磯部　俊晴;3;2;1;0;0;0;0;0;0;1;0;0;0;0;0;0;0;1;2;1;0;False
12;2;南幅　啓史;3;2;0;1;0;0;1;0;0;0;1;0;0;0;0;0;0;0;1;1;1;False
12;3;尾城直晃;2;2;0;1;0;0;0;0;0;0;0;0;0;0;1;0;0;0;2;1;1;False
12;5;中橋　創太;3;3;1;0;0;0;0;0;0;0;1;0;0;0;0;0;0;1;0;1;1;False
12;9;澤田　優樹;2;2;1;0;0;0;0;0;0;0;0;0;0;0;0;0;0;1;0;1;1;False
12;10;小宮山　大樹;3;2;0;1;0;0;1;0;0;0;0;1;0;0;0;0;0;0;0;2;0;False
12;11;丸　隆宏;2;1;0;0;0;0;1;0;0;0;0;1;0;0;0;0;0;0;0;0;0;False
12;13;佐藤;3;2;0;0;0;0;1;0;0;0;1;1;0;0;0;0;0;0;0;1;0;False
12;16;西山;3;2;1;1;0;0;1;0;0;0;0;0;0;0;0;0;0;0;2;2;1;False
13;1;磯部　俊晴;3;3;0;0;0;0;0;0;0;0;2;1;0;0;0;0;0;0;0;0;0;False
13;2;南幅　啓史;3;3;1;0;0;0;0;0;0;0;0;2;0;0;0;0;0;0;0;0;0;False
13;3;尾城直晃;3;3;1;0;0;0;0;0;0;0;0;1;0;1;0;0;0;0;0;1;2;False
13;5;中橋　創太;3;3;0;0;0;0;0;0;0;0;1;1;0;0;0;0;0;1;0;0;1;False
13;9;澤田　優樹;2;2;0;0;0;0;0;0;0;0;0;1;0;0;0;1;0;0;0;0;0;False
13;10;小宮山　大樹;3;3;1;0;0;0;0;0;0;0;0;1;0;1;0;0;0;0;0;0;0;False
13;12;森　岳彦;3;3;0;0;0;0;0;0;0;0;0;1;0;0;0;0;0;2;0;0;0;False
13;13;佐藤;3;3;0;0;0;0;0;0;0;0;1;2;0;0;0;0;0;0;1;0;0;False
13;14;斉藤;3;3;0;0;0;0;0;0;0;0;1;1;0;0;0;0;0;1;0;0;0;False
14;1;磯部　俊晴;3;3;1;0;0;0;0;0;0;0;0;2;0;0;0;0;0;0;0;0;0;False
14;2;南幅　啓史;3;3;0;0;0;0;0;0;0;0;0;2;0;0;0;0;1;0;0;0;0;False
14;3;尾城直晃;3;3;1;0;0;0;0;0;0;0;0;1;0;0;1;0;0;0;0;1;2;False
14;5;中橋　創太;3;2;0;0;0;0;0;0;0;1;0;2;0;0;0;0;0;0;1;0;0;False
14;9;澤田　優樹;2;2;1;1;0;0;0;0;0;0;0;0;0;0;0;0;0;0;1;2;1;False
14;10;小宮山　大樹;3;3;0;0;0;0;0;0;0;0;0;2;0;1;0;0;0;0;0;0;0;False
14;11;丸　隆宏;3;3;1;0;0;0;0;0;0;0;0;0;0;0;1;0;0;1;0;1;1;False
14;12;森　岳彦;3;3;0;1;0;0;0;0;0;0;0;1;0;0;1;0;0;0;1;0;0;False
14;13;佐藤;3;3;1;1;0;0;0;0;0;0;0;1;0;0;0;0;0;0;2;1;0;False
15;1;磯部　俊晴;4;3;2;0;0;0;1;0;0;0;0;1;0;0;0;0;0;0;1;2;1;False
15;3;尾城直晃;3;3;1;0;0;0;0;0;0;0;0;0;0;1;1;0;0;0;0;0;0;False
15;5;中橋　創太;4;3;1;0;0;0;1;0;0;0;0;0;0;0;0;0;0;2;1;2;3;False
15;9;澤田　優樹;3;2;1;0;0;0;1;0;0;0;0;1;0;0;0;0;0;0;1;1;0;False
15;10;小宮山　大樹;4;4;2;1;1;0;0;0;0;0;0;0;0;0;0;0;0;0;4;1;0;False
15;12;森　岳彦;4;1;0;0;0;0;3;0;0;0;0;0;0;0;1;0;0;0;0;1;1;False
15;13;佐藤;4;3;0;1;0;0;1;0;0;0;0;1;0;0;0;0;0;1;1;0;0;False
15;15;小宮山;3;3;2;0;0;0;0;0;0;0;0;0;0;0;1;0;0;0;0;1;1;False
15;16;西山;4;4;0;0;0;0;0;0;0;0;0;2;0;0;0;0;0;2;0;1;0;False
16;0;大野助っ人選手;2;2;0;0;0;1;0;0;0;0;1;0;0;0;0;0;0;0;1;1;0;False
16;1;磯部　俊晴;3;3;1;0;0;0;0;0;0;0;0;1;0;0;0;0;0;1;0;1;0;False
16;2;南幅　啓史;2;2;1;0;0;0;0;0;0;0;0;1;0;0;0;0;0;0;0;1;0;False
16;3;尾城直晃;2;2;0;1;0;0;0;0;0;0;0;0;0;0;1;0;0;0;1;1;0;False
16;10;小宮山　大樹;2;2;0;0;0;0;0;0;0;0;1;1;0;0;0;0;0;0;1;1;0;False
16;11;丸　隆宏;2;1;0;0;0;0;1;0;0;0;0;1;0;0;0;0;0;0;0;1;0;False
16;12;森　岳彦;3;2;0;0;0;0;1;0;0;0;0;0;0;1;0;0;0;1;1;0;0;False
16;13;佐藤;3;3;0;0;0;0;0;0;0;0;0;1;0;1;0;0;0;1;0;0;0;False
16;16;西山;3;2;0;0;0;0;0;1;0;0;1;1;0;0;0;0;0;0;1;0;0;False
17;1;磯部　俊晴;2;2;1;0;0;0;0;0;0;0;0;0;0;0;0;0;0;1;0;1;0;False
17;2;南幅　啓史;2;2;0;0;0;0;0;0;0;0;0;1;0;0;1;0;0;0;0;0;0;False
17;3;尾城直晃;2;2;0;0;0;0;0;0;0;0;0;0;0;1;1;0;0;0;0;0;0;False
17;5;中橋　創太;3;3;0;0;0;0;0;0;0;0;0;1;0;1;1;0;0;0;0;0;0;False
17;9;澤田　優樹;2;2;0;0;0;0;0;0;0;0;0;2;0;0;0;0;0;0;0;0;0;False
17;10;小宮山　大樹;2;2;1;0;0;1;0;0;0;0;0;0;0;0;0;0;0;0;2;1;0;False
17;13;佐藤;3;2;1;0;0;1;1;0;0;0;0;0;0;0;0;0;0;0;1;1;0;False
17;15;小宮山;2;2;0;0;0;0;0;0;0;0;0;0;0;0;1;0;0;1;0;0;0;False
17;16;西山;2;2;0;0;0;0;0;0;0;0;0;0;0;0;2;0;0;0;0;0;0;False
18;0;助っ人保坂君;2;2;0;1;0;0;0;0;0;0;0;1;0;0;0;0;0;0;0;0;0;False
18;1;磯部　俊晴;2;2;0;0;0;0;0;0;0;0;1;1;0;0;0;0;0;0;0;0;0;False
18;5;中橋　創太;2;2;0;0;0;0;0;0;0;0;0;1;0;0;1;0;0;0;0;0;0;False
18;9;澤田　優樹;1;1;0;0;0;0;0;0;0;0;0;1;0;0;0;0;0;0;0;0;0;False
18;10;小宮山　大樹;2;1;0;0;0;0;1;0;0;0;0;0;0;1;0;0;0;0;0;0;0;False
18;11;丸　隆宏;2;2;0;0;0;0;0;0;0;0;0;0;0;0;0;0;0;2;0;0;0;False
18;12;森　岳彦;2;2;0;0;0;0;0;0;0;0;0;0;0;1;0;0;0;1;0;0;0;False
18;15;小宮山;1;1;0;0;0;0;0;0;0;0;0;0;0;0;0;0;0;1;0;0;0;False
18;16;西山;2;2;0;0;0;0;0;0;0;0;0;0;0;1;0;0;0;1;0;0;0;False
20;1;磯部　俊晴;3;3;1;0;0;0;0;0;0;0;0;1;0;0;0;0;0;1;2;0;0;False
20;2;南幅　啓史;3;3;0;0;0;0;0;0;0;0;0;3;0;0;0;0;0;0;0;0;0;False
20;3;尾城直晃;3;2;0;0;0;0;1;0;0;0;0;0;0;0;0;0;0;0;0;0;0;False
20;5;中橋　創太;4;3;1;1;0;0;1;0;0;0;0;0;0;0;0;0;0;1;0;1;2;False
20;9;澤田　優樹;3;3;1;0;0;0;0;0;0;0;0;0;0;0;1;0;0;1;0;0;1;False
20;10;小宮山　大樹;3;3;1;0;0;0;0;0;0;0;0;2;0;0;0;0;0;0;0;0;0;False
20;12;森　岳彦;4;3;0;0;0;0;1;0;0;0;0;0;0;2;0;0;0;1;0;1;0;False
20;13;佐藤;4;4;1;0;0;0;0;0;0;0;0;0;0;0;1;0;0;2;0;0;0;False
20;16;西山;3;3;1;0;0;0;0;0;0;0;0;1;0;0;0;0;0;1;0;0;0;False
21;1;磯部　俊晴;2;2;1;0;0;0;0;0;0;0;0;1;0;0;0;0;0;0;0;1;0;False
21;2;南幅　啓史;2;1;0;0;0;0;0;1;0;0;0;0;0;0;0;0;0;1;0;1;0;False
21;3;尾城直晃;1;1;1;0;0;0;0;0;0;0;0;0;0;0;0;0;0;0;1;1;1;False
21;5;中橋　創太;2;2;1;0;0;0;0;0;0;0;0;1;0;0;0;0;0;0;2;1;0;False
21;9;澤田　優樹;2;2;1;0;0;0;0;0;0;0;0;1;0;0;0;0;0;0;2;1;0;False
21;10;小宮山　大樹;3;3;1;1;0;0;0;0;0;0;0;0;0;1;0;0;0;0;1;1;0;False
21;11;丸　隆宏;2;2;0;0;0;0;0;0;0;0;0;0;0;0;0;0;0;2;0;0;0;False
21;12;森　岳彦;1;1;0;0;0;0;0;0;0;0;0;0;0;0;0;0;0;1;0;0;0;False
21;13;佐藤;3;3;1;0;0;0;0;0;0;0;0;0;0;0;0;0;0;1;0;0;0;False
21;15;小宮山;0;0;0;0;0;0;0;0;0;0;0;0;0;0;0;0;0;0;0;0;0;False
21;17;青野;0;0;0;0;0;0;0;0;0;0;0;0;0;0;0;0;0;0;0;0;0;False
21;18;一蝶;3;3;0;1;0;0;0;0;0;0;0;1;0;0;0;0;0;1;1;1;0;False
22;1;磯部　俊晴;3;3;0;0;0;0;0;0;0;0;0;1;0;1;0;0;0;1;0;0;0;False
22;2;南幅　啓史;2;2;0;0;0;0;0;0;0;0;0;0;0;0;0;0;0;2;0;0;0;False
22;3;尾城直晃;2;2;0;0;0;0;0;0;0;0;1;0;0;1;0;0;0;0;0;1;0;False
22;5;中橋　創太;1;1;0;0;0;0;0;0;0;0;0;1;0;0;0;0;0;0;0;0;0;False
22;9;澤田　優樹;2;2;0;0;0;0;0;0;0;0;0;0;0;1;0;0;0;1;0;0;0;False
22;10;小宮山　大樹;3;3;1;0;0;0;0;0;0;0;0;1;0;1;0;0;0;0;0;1;0;False
22;11;丸　隆宏;2;2;1;1;0;0;0;0;0;0;0;0;0;0;0;0;0;0;0;1;0;False
22;13;佐藤;3;3;0;0;0;1;0;0;0;0;0;1;0;0;0;0;0;1;3;1;0;False
22;17;青野;3;3;1;0;0;0;0;0;0;0;0;2;0;0;0;0;0;0;0;0;0;False
22;18;一蝶;3;3;1;0;0;0;0;0;0;0;0;1;0;0;0;0;0;1;0;0;0;False
23;1;磯部　俊晴;2;2;1;0;0;0;0;0;0;0;1;0;0;0;0;0;0;0;1;0;0;False
23;2;南幅　啓史;3;3;0;0;0;0;0;0;0;0;1;1;0;0;0;0;0;1;0;0;0;False
23;5;中橋　創太;3;3;1;1;0;0;0;0;0;0;0;0;0;1;0;0;0;0;1;1;0;False
23;9;澤田　優樹;3;3;0;0;0;0;0;0;0;0;1;1;0;0;0;0;0;1;0;1;1;False
23;10;小宮山　大樹;3;2;1;0;0;0;0;0;0;1;0;0;0;1;0;0;0;0;1;0;1;False
23;11;丸　隆宏;3;2;0;0;0;0;1;0;0;0;0;1;0;0;1;0;0;0;0;1;2;False
23;12;森　岳彦;3;3;3;0;0;0;0;0;0;0;0;0;0;0;0;0;0;0;1;1;4;False
23;13;佐藤;3;3;0;0;0;0;0;0;0;0;0;1;0;1;0;0;0;1;0;0;0;False
23;15;小宮山;3;3;0;0;0;0;0;0;0;0;0;2;0;0;1;0;0;0;0;0;0;False
24;1;磯部　俊晴;3;3;0;0;0;0;0;0;0;0;0;0;0;1;1;0;0;1;0;0;0;False
24;2;南幅　啓史;3;3;1;0;0;0;0;0;0;0;0;0;0;0;0;1;0;1;0;1;0;False
24;3;尾城直晃;2;2;0;1;0;0;0;0;0;0;0;0;0;0;0;0;0;1;2;0;1;False
24;5;中橋　創太;2;2;1;1;0;0;0;0;0;0;0;0;0;0;0;0;0;0;1;2;0;False
24;9;澤田　優樹;2;2;1;0;0;0;0;0;0;0;0;1;0;0;0;0;0;0;0;1;0;False
24;10;小宮山　大樹;3;2;0;1;0;0;1;0;0;0;0;0;0;1;0;0;0;0;1;0;2;False
24;11;丸　隆宏;2;2;0;0;0;0;0;0;0;0;0;0;0;1;1;0;0;0;0;0;0;False
24;12;森　岳彦;3;2;0;1;0;0;1;0;0;0;0;1;0;0;0;0;0;0;0;1;1;False
24;13;佐藤;3;3;1;1;0;0;0;0;0;0;0;0;0;1;0;0;0;0;1;1;1;False
25;1;磯部　俊晴;3;3;0;0;0;0;0;0;0;0;1;1;0;0;0;0;0;1;0;0;0;False
25;2;南幅　啓史;3;3;1;0;0;0;0;0;0;0;0;1;0;1;0;0;0;0;0;0;0;False
25;3;尾城直晃;3;3;0;0;0;0;0;0;0;0;0;0;0;1;0;0;0;2;0;0;0;False
25;5;中橋　創太;3;3;0;0;0;0;0;0;0;0;0;2;0;0;1;0;0;0;0;0;0;False
25;9;澤田　優樹;2;2;0;0;0;0;0;0;0;0;0;0;0;1;0;1;0;0;0;0;0;False
25;10;小宮山　大樹;3;2;0;0;0;0;0;1;0;0;1;0;0;0;0;0;1;0;0;1;0;False
25;11;丸　隆宏;2;0;0;0;0;0;2;0;0;0;0;0;0;0;0;0;0;0;0;1;2;False
25;12;森　岳彦;3;3;1;0;0;0;0;0;0;0;0;0;0;1;0;0;0;1;1;0;0;False
25;13;佐藤;3;3;0;0;0;0;0;0;0;0;0;1;0;1;0;0;0;1;0;0;0;False
26;1;磯部　俊晴;4;3;1;0;0;0;1;0;0;0;0;0;0;0;1;0;0;1;2;1;0;False
26;3;尾城直晃;4;2;0;0;0;0;0;1;0;1;1;0;0;0;1;0;0;0;1;0;2;False
26;5;中橋　創太;4;2;1;0;0;0;0;1;0;1;0;1;0;0;0;0;0;0;1;1;2;False
26;9;澤田　優樹;3;3;0;0;0;0;0;0;0;0;0;2;0;0;0;0;0;1;0;0;0;False
26;10;小宮山　大樹;4;4;1;0;0;0;0;0;0;0;0;1;0;1;1;0;0;0;1;1;0;False
26;11;丸　隆宏;4;3;0;0;0;0;1;0;0;0;0;0;0;1;1;0;0;1;0;0;1;False
26;12;森　岳彦;4;4;3;0;0;0;0;0;0;0;0;1;0;0;0;0;0;0;0;3;2;False
26;13;佐藤;4;4;2;0;0;0;0;0;0;0;0;1;0;0;0;0;0;1;3;1;0;False
26;18;一蝶;4;3;1;1;0;0;0;1;0;0;1;0;0;0;0;0;0;0;0;3;2;False
27;1;磯部　俊晴;3;3;2;0;0;0;0;0;0;0;0;1;0;0;0;0;0;0;1;3;3;False
27;3;尾城直晃;2;2;0;0;0;0;0;0;0;0;0;1;0;1;0;0;0;0;0;0;0;False
27;6;球児;2;2;0;0;0;0;0;0;0;0;0;1;0;1;0;0;0;0;0;0;0;False
27;9;澤田　優樹;3;3;1;0;0;0;0;0;0;0;0;1;0;1;0;0;0;0;2;0;1;False
27;10;小宮山　大樹;3;2;1;0;0;0;1;0;0;0;0;0;0;1;0;0;0;0;2;0;0;False
27;11;丸　隆宏;3;2;0;0;0;0;1;0;0;0;0;2;0;0;0;0;0;0;0;0;0;False
27;12;森　岳彦;3;2;0;0;0;0;1;0;0;0;0;1;0;0;0;0;0;1;0;2;2;False
27;13;佐藤;3;1;0;1;0;0;0;2;0;0;0;0;0;0;0;0;0;0;0;1;2;False
27;15;小宮山;3;3;0;0;0;0;0;0;0;0;0;1;0;1;1;0;0;0;0;0;0;False
28;1;磯部　俊晴;3;3;0;0;0;0;0;0;0;0;0;2;0;1;0;0;0;0;0;0;0;False
28;2;南幅　啓史;2;2;0;0;0;0;0;0;0;0;0;0;0;0;0;0;1;1;0;0;0;False
28;3;尾城直晃;2;2;0;0;0;0;0;0;0;0;1;0;0;0;0;0;0;1;0;0;1;False
28;5;中橋　創太;3;3;0;0;0;0;0;0;0;0;0;3;0;0;0;0;0;0;0;0;0;False
28;9;澤田　優樹;2;2;0;0;0;0;0;0;0;0;0;0;0;0;0;0;0;2;0;0;0;False
28;10;小宮山　大樹;2;1;0;0;0;0;1;0;0;0;0;1;0;0;0;0;0;0;0;1;1;False
28;11;丸　隆宏;2;2;0;0;0;0;0;0;0;0;0;1;0;1;0;0;0;0;0;0;0;False
28;13;佐藤;3;3;0;0;0;0;0;0;0;0;0;1;0;0;1;0;0;1;0;0;0;False
28;18;一蝶;3;3;0;1;0;0;0;0;0;0;1;1;0;0;0;0;0;0;0;0;0;False
29;1;磯部　俊晴;3;3;0;0;0;0;0;0;0;0;1;1;0;1;0;0;0;0;0;1;0;False
29;2;南幅　啓史;3;1;1;0;0;0;1;1;0;0;0;0;0;0;0;0;0;0;0;1;0;False
29;3;尾城直晃;3;1;0;0;0;0;0;2;0;0;0;1;0;0;0;0;0;0;0;0;1;False
29;5;中橋　創太;3;3;1;0;0;0;0;0;0;0;1;1;0;0;0;0;0;0;0;1;2;False
29;9;澤田　優樹;3;3;0;0;0;0;0;0;0;0;0;1;0;1;0;0;0;1;1;0;0;False
29;10;小宮山　大樹;3;3;1;0;0;0;0;0;0;0;2;0;0;0;0;0;0;0;0;1;3;False
29;11;丸　隆宏;3;3;0;0;0;0;0;0;0;0;1;1;0;0;0;0;0;1;0;1;0;False
29;12;森　岳彦;4;4;0;0;0;0;0;0;0;0;0;1;1;0;1;0;0;1;0;0;0;False
29;13;佐藤;3;3;1;0;0;0;0;0;0;0;0;1;0;0;0;0;0;1;1;0;1;False
30;1;磯部　俊晴;2;1;1;0;0;0;0;0;0;1;0;0;0;0;0;0;0;0;2;0;1;False
30;3;尾城直晃;3;1;0;0;0;0;0;2;0;0;0;1;0;0;0;0;0;0;1;2;1;False
30;5;中橋　創太;2;2;1;0;0;0;0;0;0;0;1;0;0;0;0;0;0;0;2;2;2;False
30;9;澤田　優樹;2;0;0;0;0;0;2;0;0;0;0;0;0;0;0;0;0;0;0;1;0;False
30;10;小宮山　大樹;2;0;0;0;0;0;1;0;0;1;1;0;0;0;0;0;0;0;1;2;2;False
30;11;丸　隆宏;2;1;0;0;0;0;1;0;0;0;0;0;0;0;0;0;0;1;0;1;0;False
30;12;森　岳彦;2;2;0;0;0;0;0;0;0;0;0;1;0;0;0;0;1;0;1;1;2;False
30;13;佐藤;2;2;0;0;0;0;0;0;0;0;0;0;0;0;0;0;0;2;0;0;0;False
30;18;一蝶;2;1;1;0;0;0;0;1;0;0;0;0;0;0;0;0;0;0;2;1;2;False
31;1;磯部　俊晴;3;2;0;0;0;0;0;1;0;0;0;0;0;1;0;0;0;1;1;1;0;False
31;2;南幅　啓史;3;2;0;0;0;0;0;1;0;0;0;1;0;0;1;0;0;0;1;0;0;False
31;3;尾城直晃;3;2;0;0;0;0;1;0;0;0;0;0;0;2;0;0;0;0;1;0;0;False
31;10;小宮山　大樹;3;3;0;1;0;0;0;0;0;0;1;0;0;0;1;0;0;0;0;2;0;False
31;11;丸　隆宏;3;2;0;0;0;0;1;0;0;0;0;1;0;0;0;0;0;1;1;0;0;False
31;12;森　岳彦;3;2;0;0;0;0;1;0;0;0;0;0;0;1;0;0;0;1;0;1;0;False
31;13;佐藤;3;1;1;0;0;0;2;0;0;0;0;0;0;0;0;0;0;0;2;1;1;False
31;15;小宮山;3;3;2;0;0;0;0;0;0;0;0;0;0;0;1;0;0;0;0;1;0;False
31;18;一蝶;3;2;0;2;0;0;1;0;0;0;0;0;0;0;0;0;0;0;2;2;1;False
32;1;磯部　俊晴;3;3;2;0;0;0;0;0;0;0;0;1;0;0;0;0;0;0;0;0;0;False
32;3;尾城直晃;3;3;0;0;0;0;0;0;0;0;0;0;0;0;0;0;0;3;0;0;0;False
32;5;中橋　創太;3;2;0;1;0;0;1;0;0;0;0;1;0;0;0;0;0;0;0;0;0;False
32;9;澤田　優樹;3;3;1;0;0;0;0;0;0;0;0;0;0;0;0;0;0;2;0;0;0;False
32;10;小宮山　大樹;3;2;1;0;0;0;1;0;0;0;0;0;0;1;0;0;0;0;0;0;0;False
32;11;丸　隆宏;3;2;0;0;0;0;1;0;0;0;0;0;0;2;0;0;0;0;0;0;1;False
32;12;森　岳彦;3;2;0;0;0;0;1;0;0;0;0;1;0;1;0;0;0;0;0;0;0;False
32;13;佐藤;3;3;0;0;0;0;0;0;0;0;0;1;0;1;1;0;0;0;0;0;0;False
32;15;小宮山;3;2;0;0;0;0;1;0;0;0;0;1;0;0;0;0;0;1;0;0;0;False
33;1;磯部　俊晴;2;2;1;0;0;0;0;0;0;0;0;0;0;1;0;0;0;0;1;0;1;False
33;2;南幅　啓史;2;1;1;0;0;0;1;0;0;0;0;0;0;0;0;0;0;0;0;1;0;False
33;5;中橋　創太;3;1;0;0;0;0;1;1;0;0;0;0;0;1;0;0;0;0;0;1;1;False
33;9;澤田　優樹;2;1;0;0;0;0;1;0;0;0;0;0;0;1;0;0;0;0;0;1;1;False
33;10;小宮山　大樹;3;3;0;1;0;0;0;0;0;0;1;0;0;0;0;0;0;1;2;1;1;False
33;11;丸　隆宏;2;2;0;0;0;0;0;0;0;0;0;0;0;0;0;1;0;1;0;0;0;False
33;12;森　岳彦;2;2;0;0;0;0;0;0;0;0;0;1;0;1;0;0;0;0;0;0;0;False
33;13;佐藤;3;3;2;0;0;0;0;0;0;0;0;1;0;0;0;0;0;0;1;1;1;False
33;15;小宮山;2;2;0;0;0;0;0;0;0;0;0;1;0;0;0;0;0;1;0;0;0;False
;ユーザーID;ユーザー名;打席;打数;単打;二塁打;三塁打;本塁打;四球;死球;犠打;犠飛;失策;内ゴロ;外ゴロ;内飛;外飛;内直;外直;三振;打点;得点;盗塁;削除
